{
  "project_info": {
    "project_number": "723650716940",
    "project_id": "instagram16-345af",
    "storage_bucket": "instagram16-345af.appspot.com"
  },
  "client": [
    {
      "client_info": {
        "mobilesdk_app_id": "1:723650716940:android:0686b68bed4f37489a9529",
        "android_client_info": {
          "package_name": "com.example.learnkotlin"
        }
      },
      "oauth_client": [
        {
          "client_id": "723650716940-ps8fcd17msnsohosf22g5mfq35vif4mb.apps.googleusercontent.com",
          "client_type": 1,
          "android_info": {
            "package_name": "com.example.learnkotlin",
            "certificate_hash": "4d6e4ae0ccc64c13606f6b554d26c0ffb488b589"
          }
        }
      ],
      "api_key": [
        {
          "current_key": "AIzaSyDxw8zjdQ5ryZICSK7VzMm5CVtTbG3FJCQ"
        }
      ],
      "services": {
        "appinvite_service": {
          "other_platform_oauth_client": [
            {
              "client_id": "723650716940-pqgbiksglus8f39042cm7h5n4ubnpt4p.apps.googleusercontent.com",
              "client_type": 3
            }
          ]
        }
      }
    },
    {
      "client_info": {
        "mobilesdk_app_id": "1:723650716940:android:3d42045053deda659a9529",
        "android_client_info": {
          "package_name": "com.example.sociallogin"
        }
      },
      "oauth_client": [],
      "api_key": [
        {
          "current_key": "AIzaSyDxw8zjdQ5ryZICSK7VzMm5CVtTbG3FJCQ"
        }
      ],
      "services": {
        "appinvite_service": {
          "other_platform_oauth_client": [
            {
              "client_id": "723650716940-pqgbiksglus8f39042cm7h5n4ubnpt4p.apps.googleusercontent.com",
              "client_type": 3
            }
          ]
        }
      }
    }
  ],
  "configuration_version": "1"
}